location_id,pano_id,pano_lat,pano_lng,capture_date,road_heading
0247045b7241dd3af6aa8c0a3791a333177b8e9e,TJfNFlQSEsWIqY88fXCMow,-15.78004624269344,-47.79118588369622,2024-06,72.68922987222795
038f1e3521515d99b34721d2c480d49249237d0a,ZiqXHXxqiPnLNLfqIzlkMg,-15.84715953640551,-47.84114463180433,2024-12,226.15051871644496
03b281f712acacaac55097a278d085c89dc69c58,AvHKN72krMeWRbBnclvV8g,-15.71763247533713,-47.86337439392425,2025-07,285.39061489252276
03feb506e81eaea63e88981072e7b83725c97f1b,2GPz36Czu-z41FFWRQw0Cw,-15.79475218292918,-48.12431071615482,2026-01,247.84271707001963
040f38d58cda78641e8093cca61c1cdc33eb6c23,vP0matOC8Ttlc6_rd9f5-Q,-15.77983375737078,-47.9938166199928,2024-09,272.7977579880235
04c9534f45b0cbc13eee11713343cdfe781d9c5d,MTQse_BbZc0X_K5uNibNgw,-15.63356620699295,-47.83558913088069,2024-08,269.98255612347737
04fbbfa0d214a5e005e40e013b94cf7a48038df4,WAN2m3jvmFx00aeGPXQeRw,-15.86870770818915,-48.01763217296375,2024-06,324.99715499579577
07a0528f253744e6a2c715f0e7be5c5ed8d58a85,FWcv_6UN3D6B7GvGqU_PlA,-15.88093688350221,-48.12003858922463,2025-03,62.50070210610362
08149742430043d0930b494daf376d7a4bd5b839,ACMrOCNDW7nwVktblSiP-g,-15.65320646794428,-48.19541105304275,2024-08,95.11847422830454
081b9ee8c270009116d72b61e7e6cce3c09bdb42,HwOiWQ7LL6KU1nLxGhDOGg,-15.82320747261937,-48.11325124840735,2024-07,152.220742532496
08741814b43ba8bf7e48fe92d047560110b35dcc,5z6nlNgPPpWFgs265F9m5A,-15.74821254314198,-47.74942722106348,2024-06,43.289543501508305
093ff971a477a9224e0ed9bdffeee94be9b3e89e,c8aEW2hESVWwQQH-pbe0rg,-15.92488392186361,-48.10871844558127,2025-07,29.692494806864744
0a39ebb4e144dea19f1095b73d21416438ba1cbf,bvkiRQYK1IFFdZnel6utGw,-15.79383259077119,-48.13455316387974,2026-01,154.7627034508333
10596bf3b90f15167592ae17ac5e8453e0da7d14,4a9928nT52WUTWTzjntQxw,-15.90002941235015,-48.06907340294379,2025-07,168.36856160189902
11563774a431ea481f451a37d869f434d6324ede,5Eb5-Fp5oV5GV0vIZgpP3g,-15.86264843828401,-48.0715523043789,2025-06,242.63635831682546
1246ea37caa62eb93c55da8c253de043f97b2c16,2IZ456-N3Bg1CIVWuPZVnw,-15.99712626337899,-48.07753672858006,2025-07,182.223026433459
127145ecd7cf2943eaa284b64bd896eb78f9510c,c4gIJSVy8C7auOe3LPXHpw,-15.90882558848504,-48.08002979749552,2025-07,161.99423718084873
12b1cbc0abdb2ce6763f613d6f4460ba876f975b,PtZDdZOY3RR_m_vnis0EHg,-15.91657448640681,-48.09613918351516,2024-06,134.47236942998418
12e7fbabe68693eaa0388190450d6ea5f5b37366,3f3gdpVxkjVzX-oSkjouig,-15.93370192967356,-48.03997917223045,2025-05,69.83248698825378
15511b4b75e9231355d834c1c76de08608700332,-wP2ATLky40vZc7HLyGlkw,-15.81848825694657,-48.06320359187146,2024-08,70.56013659066339
15d1369d39aa6225c4eb0a69c33f106cb7d47c86,XowZ3JaS3ahAkk-mexXZ6g,-15.79131603856499,-47.82887544726254,2024-09,5.3430826814675605
15d745794719937443b4c9310ccf248e87b45eaf,t_LJFaDp2e3U6j61_HoMsg,-15.87020965111524,-47.93100751830229,2024-12,265.4882399828378
172943f013c498ff4556608c6c1775ae85b9468f,8sBfX_7EmzPB2q_PpFbjvg,-15.89332283944831,-48.09763104359239,2025-06,252.014664290955
176db0d307d4431388b98d172baea93f7be0f0cc,cbDTYhfQVOuoLW3-AMhang,-15.78625118713579,-48.00071033154796,2025-02,87.72762743344154
17ac5eaf4078160e23a6a6d9d4f2b31bed056288,2ajAIkcjlKtc7OvHvuFoHg,-15.88414273714732,-48.01423251283227,2024-06,337.433303965294
17b6383320a8bc3603c951b9ccc7358a5f3b5ed4,O3S32ka3WKh6_37bKIK2cw,-15.68024969629928,-47.83249543968132,2025-07,71.38533695076079
18efda46feba7536e7e879e71bcb2966850c3e31,u9aupDuC23ltcEQW5zWcRA,-15.87087310505296,-48.09684747113166,2025-03,154.67927896993524
19119babafce5240907fc6d4cd457c67a1bc2ed9,i76nLkOJ2aV1UCTiwa4y3w,-15.79188180987678,-48.13677884352145,2026-01,340.33743665797823
1b3301101a6a7d6cc439d47889d4031baf071aee,uPoC8sGkZEvnshfgumINvA,-15.82868028389146,-47.92889157082369,2024-10,230.76160090114323
1d5514706359ae61516b64b4b9477d6ecd79d8d1,_Mp5WDxMcmA0QN4iiAW0xw,-15.82783481368063,-48.1067646248936,2024-10,61.24299026660783
1e87c1955fc0071677c5c1367426bd127765b1f9,kbxSWpJs0ZCZxHrJy6xYFA,-15.63078920112506,-47.67327176745292,2025-07,354.93895608293326
1ec3c35d37f1be0c757e8126c362fbf0711f06ae,VCoeseiKW5hblO5-eEvh-A,-15.80753586991992,-47.99151022104326,2024-09,186.91797967795904
20a28419778a2e6599eb8d41aea00a72e1f235bd,tCRy2QreprycV2WQLmXPwg,-15.74328773140915,-47.77321746687465,2024-07,158.42532259027467
23045872499f69f14124efd8170915a3208ed1ec,Tkpo0pAsfllQfbjU5McH-Q,-15.84886345916782,-48.1195462938805,2026-01,322.74447051728
24599fb13bc210908aacfe7933f6f49e9e3a2380,gUJXsZlur8hMBYz8W_HOkQ,-15.85525301723178,-48.07182941858139,2025-06,66.96696095790908
277405964fab2b11b5a484b0aab885663091ccd7,hU0CepCnTxxAklJ97esEDg,-15.86436989473307,-48.03498165095763,2024-07,152.24489097425075
27af7e69ad7ff8b8ff42e3fe65fae562e3c8196a,_DnAPiuMlCZzlXvF1f7x6w,-16.0180527658147,-48.05086927112767,2025-05,278.7013918060121
28ee9765f69eabfb928bbaa151ef6d21fcfbb70b,CEVlgrZN6Awp7pU57tJNig,-15.88435031147391,-48.12238701639001,2025-03,63.18624910415435
2938085ecc7b523718e073ef344c11b03e621195,759IOiMq6kNi0_tAm7spXg,-15.67197864238055,-47.64604405578493,2024-08,155.7715478458432
297ce388db62b75d8e4439840974f272fa60cce3,TBClteieHbTc0gnNNZdD1g,-15.93792991785234,-48.07959790055824,2024-06,177.667802078213
299761746a51a484697501f4f0b5d7e3924cb02b,KyNcU3RyFVyGO_yIcn-fLw,-15.87868721631303,-48.11467509964677,2025-03,339.12001085950664
2a2834b05d46c009f74b2ad63e19007a4239e799,koB0u4YBooq1z5pZIKspGQ,-15.99773021275951,-48.05556891248254,2025-05,211.9200044985352
2a9208ed8a299af8265e815e03fff1858aec40b1,jeR9SxeEvi7jIY9io5sJcw,-15.90383331625718,-47.77901073424164,2025-01,306.43180661546455
2d52b4de1050a88aeec92ae90e7b3c7fd6e4a67a,ejV1fKRg0ZF3qHbSQbok0w,-15.79770416854511,-48.08995794537176,2025-02,305.02427359713124
2d862f822ef3954567b0ffff78573380a1d158e7,yWioH-6VwoZsiYpFMjMNuQ,-15.87835899097262,-48.07663474931452,2024-06,344.05768720487123
2f44fbe17d92041de28c2ea2bc825abd7fa891f0,BRiZuPwl_dYBqH_gVL2dbA,-15.89668473950092,-48.05372877800222,2025-06,342.6719270680896
2fb9ed34aac24ba048246d875368c94f4fc92b17,PSUoLJzX7is0pP3Wz512PA,-15.57818598048372,-47.46420181604067,2024-08,289.3206477235397
2fd4a36fb0f63e8b7b9bf8c86ff6db2735d2300e,J_q2Nhc7qNp2lZPjJv8EYQ,-15.65481417655402,-48.19613331062319,2024-08,275.79701874371244
31067745ca221149d24a1000948367ff7a51091a,n9bA3rArQFI01qTjtvScMw,-16.00500930856403,-47.99042368185388,2025-01,77.47674618645964
31102768506a0f08230e861724aba3c3ef0008bc,F0ug50rVmIgA1u4qpLB7gA,-15.87998749875293,-48.00766956919721,2024-06,83.82268539104784
32da0119c13d29cd994222dfb4d12c66de1e5ad1,CURZnxjQXuF-xDV8kldugQ,-15.87912394514012,-48.1116669966523,2025-03,155.13154633252395
345a225b84d1a57f3f786509205566d02920e10a,dtHnU7ffIzEtw_F9KykLCQ,-15.84419714048084,-48.04509926662644,2024-10,162.0155384069994
3474f6143c0565612b1ccd336e8019a4b0b3b9e1,VfusdyiflPKA5sVTLwulsw,-15.64706950870622,-47.77798956471277,2024-07,334.4487272825269
36eb981841e01afc9cfe72c18940823d504f83ac,v0mGKaz0qTEZKpn5Ih2hog,-15.62608309223545,-47.64430504464601,2024-09,181.28985232555397
3877c16d41001745b89a14b97acc1487411991ad,SxHbSIn4l4fN0_9eDG77ww,-15.76543281806595,-47.79230647629824,2024-06,359.16361794288116
38982aa70170b38b31714f86a348569bbb1aea95,pUe100DS148I17Q5e5maEA,-15.800245036895,-47.94286495548382,2024-06,105.56948580244546
38c4632a8e17aa558796cdda5746610e1212c642,ZKm0f3nm9faf1s54qMhZ_w,-15.94125241506222,-47.58250592744952,2024-09,77.52284935844456
3942a7761a22128eb6451f597c569dc0343c71c0,AOOHpDqBujVL9VNuvoig9Q,-15.82820887269109,-48.1238429303235,2026-01,316.3088647789936
395d519812e88bc29707b9492e4bc8486eedba41,CFavRn_LC4RUhiDa9oE_tA,-15.61932847932071,-47.65009576372643,2025-07,1.9574858383788927
398f60f8514c9f56349e4059112b1c7cae4473c7,Yow9u6Xy1cJbV9D-jH5_oA,-15.71578281986354,-47.8818907185734,2025-02,306.2055760696116
3b779e773a89acb08029c373dd26613d23607b0e,b4WK81pesDvwxlcRD6N8Dg,-16.03008369918626,-48.0758854707507,2025-05,199.7741334972354
3da2f55ebc46901e51e0466c4e1be687b8e83f4e,zauSHDX6pRWYiciIVIzXJA,-15.92005892959955,-48.05039606844324,2025-07,251.58759452495667
3db678d146d1ef9f2ad8672bf3a10918ae890965,RGC9o0_OuYBPEIWRzaWrsg,-15.84654180974828,-47.89834257129085,2024-12,70.11932843560598
3dc9d8632ae0ce414aadedfee69f4965b4987451,eOAdJhrVY9R8g2j1YYO1bw,-15.80017836043257,-48.09432477372367,2024-07,303.84860482719813
3eb2d7b51b69752d7ad25d2fad0e46abd22192c1,YZdUVsVCG2RWzva0HtbCzg,-15.93766889380083,-47.58542150765516,2024-09,16.007050871049678
3f738078c69c4f97289990c3de2c6270b4a7d7f4,5fDakRgovXX3z23BiLWyeg,-15.64374524829291,-47.64544227739457,2024-07,357.45364290274443
40dc75816ddce39c543d7831fa3509c781f1ad77,iBnnGTqxecK9-RWp1me0nQ,-15.80927912402679,-48.06025647711863,2024-08,340.77519887084355
40fec7ffaa83d6a77a84fd49e2f94f04d71ae14b,813RDq1hoFxw45USX0fsTg,-15.90045728819164,-48.03684315731339,2025-06,163.55851639044414
41a1200511f60e3aa1b6f22797b1c1fc72d6766c,UIVLYe0t1uu3s-fIIXhjZw,-15.89676515068552,-47.78700077511666,2025-01,334.5017475509187
41b7f3f89d5d58ad8e035842371cdc9df9efa5ff,qKcRu25I7TVFrXflr6cXOA,-15.60089832325909,-47.68238704073537,2025-07,62.31163785792095
4493d6cc7e268c293d1578aac5777b6950148d2e,PwxRcjhbVBqTUylIkjHgxA,-15.79199761168369,-47.87340119776331,2024-06,197.26303510965033
47d648188d890af53135d0be0a820034a322f528,WolN02l4ds6GhfonqMAycw,-16.03096955288991,-48.03001923466777,2025-02,26.942691916877934
487df5aed0d9b1991a2b7a07a432e0aa7a617e69,5PFxtR3RGwEKVHPOldv-4A,-15.8716549487865,-48.10330048784035,2025-03,36.81058933909734
4932f387c7f190438e3ac89c70a10ec7bee956ae,CWW7aaPgdJDOPqCnENMzxw,-15.85114796927592,-48.12069688404893,2024-07,52.10095626630897
4941ec1dfcf764673f5b2cc4562b4169eda375f3,VKQdNcyBzk-Acpk5awnHWA,-15.86938083031244,-47.77181922832235,2024-07,19.982209503762768
4aed8677c56239a022f361e2f292120df3ee27fc,l8ZUr6iN1O2rl01Aw4ckIw,-15.84593086857224,-47.87954169753261,2024-12,128.50805267843796
4c136d8e2d9bae27386397e06b8640393a8af145,07fxjqPM_rNn44Qz00shig,-15.87130558280255,-48.01089173961931,2024-06,220.63492034848582
4c208e184dd165b27b5c54907cf6a407cf430af8,lTOr7cDX-6mMLoeCi32Q7Q,-15.84847310659672,-47.95357132658219,2024-06,93.88206370582711
4cfd29e8e367a187418322cc6318a8504851698e,F687CTh41h-UeNsdiI-q5w,-15.82312153541721,-47.89798773381916,2024-05,138.88453529166364
4e9594051f418ea2daf1eba1b316d7e567b9f4fa,yFTeIFfjHPMXw4wZhIouLA,-15.91607581235064,-48.04548450952215,2025-07,70.1869397300384
4eb7ac745dab4330c917ea926c9cba1eec7b5504,PNBE7WoTf9-7vt-IQLshyQ,-16.0171073249094,-48.07865879215972,2025-05,31.369379571989978
50dd2c02d270840b8f3e2094c438431271802118,SdXjHmmidLx-VWYqWqN4-w,-15.82268454364361,-48.06085705729979,2024-08,161.20961750472986
516be2ac94cb51b399fcf73ba0c146a0dcee9e54,byMlKPxBjo2JW4MabiBHBw,-15.88737399627593,-47.95360478522284,2024-12,326.2595345140536
51b143df35a18fc8b6326d14bef25f47983fc1e2,eXx04TAcwH2UMuEieFKoGQ,-15.83374578647552,-47.92006155694902,2024-05,123.82155674099151
5279c212c560c7f9813d10496b4fc55ddfc0e6e2,bto8gIIZ77-YDYp871e4ZQ,-15.79623466843222,-48.13337439178755,2026-02,66.69205317914377
52d38c4c074c73c503439029259e4182c2bf29cb,szERcCMcBumX9i06m8KwNw,-15.80870615172603,-48.13712889490115,2026-02,252.9273090495492
53ddeccbff884439c25254724cbb70adc5592e93,YdMoYVfZe60p5pfWoC5PZg,-15.73065943088566,-47.78078896364511,2024-07,68.9843601018438
5581fe53f2c5beec106d3630056df3d5b5dd0f85,dfCyUDl1FauZmqTh5X4wMg,-15.89080948018649,-47.77798790857469,2025-01,239.1443417281725
573d441ba37138df51d603587e91ebb71aa8a0d2,yVUw2Q9XO37Ji_8TFMzYdQ,-15.90982467539974,-48.0472045180128,2025-07,342.7724609206041
57a0f44d6a9b37813a5dd2d60803e9ed6e66ae65,tWFEMquYHgN1H51lVoWy9Q,-15.60524922205898,-47.6441460818134,2024-08,181.9123961184525
57e2ee7cf9d9f1fda5b094d274b5c831b9ebdd30,PeT8vrtEc_3qEkh1Sb6s8g,-15.78124041260124,-47.9881704831197,2024-06,114.13347043995454
58be1fb61d3e46b66e183d16b3ce94d1fdb7ef06,Yg5o-rHyXRUXdJlTDw0RJw,-15.8105819889746,-47.88882049571326,2024-05,160.4530831622445
58ef1d324a4e875d8cbbba584c632d415a42d63e,8jDv_r3kXjmMUheQ5C51hQ,-15.76487137440208,-47.78052585029218,2024-06,257.6822280901364
5a0383fe7207452ebf00d7ecb475925c742ca64d,0kDWqoJx2B24a-FTbZc2Ow,-15.78336178562303,-47.86976349313129,2024-06,114.01545722669245
5b3d23c17c401c1c4dda44c084609c5f8f4579ff,u__EzVAyeK9wG1i4vhMrNg,-15.87661424813179,-48.07719925106341,2025-06,340.543727994958
5c5997fa205067cb664beeb175a34ed8ff6eac8e,xKY5GydPTJATiZgAt37D7w,-15.79973947079214,-48.01648521732469,2024-09,194.07348251933968
5d00115fe83dbaa3edf5b294d2ca4e526a3b8129,DmU22G67sK1-fr5Sf4lUqw,-15.92003751343004,-48.10018365877992,2024-06,308.1412047875203
5e4fe19d2f2ea8e85ea600684621f22deb83bd2d,1GlLsRogDwNUWB5NBPFs1A,-15.90098001863237,-48.06243452029309,2025-07,162.26268360533044
5eb2281179ea4059e90f3d300365a756d5319834,oh7SpTlRJKRRZn1GBfPY-A,-15.89017819230197,-47.76429138310934,2025-01,157.37057998873885
5ffad7c5901147b3a72e61708a9c4463df1378a2,LWz5smCgT2G9WE23GYiE9g,-16.0278907448566,-48.05785679626108,2025-05,2.7833343304883535
6131d62c4fcf683635b52fe98b1bfae3129b8628,1Ol9wH_le2Cqz9PkV1jbbQ,-15.85396970574846,-48.07136163307388,2025-06,334.8782655667262
62c8434cb0ea0a0b9e57d4ee2fcc174f84155ea9,LCCpSLn5LQ-6MQcmxb0mvQ,-15.85183831126138,-47.91207673602295,2025-01,218.97853983922997
62e65c02cb880649e64641b3bde9d201025d90db,96dCnLOS9rKnY1m2lcXDSw,-15.90442012741609,-48.05396115602048,2025-07,161.82845300770472
632359be5e540154b33d9f99cf58774a1d0f16fa,fa4eUhkywwNqh76oIi-g7g,-15.80554985861141,-47.89355121957338,2024-05,49.48114686554582
6350cda60fc5a8acc750e3f5e7b65dfa3184156c,kg902ShsXnz0Sgiy3_11PQ,-15.86473442504428,-48.03433869773828,2024-07,152.57089160737095
636d9e96d113c2bb60d894936597253f60e67aab,2y-ZurnzvmZJIy8wQse73w,-15.9489643588793,-48.06433678533654,2025-07,61.92351040928301
644f82189789aa69838eb75540956c8430c0e191,l_DGoRF6lIojz0HaULNYiw,-15.71080768597339,-47.88569105082935,2024-05,115.96607969016941
646ec431a719c3d7f1653ddcb471b3ea0627f59b,9MGY4YjIH52EOfo2qouD5A,-15.82591359839308,-48.14221728645547,2026-02,119.26348145825119
64ed44b985e5c72d69392cc9c019f5df56e49c91,5G6QK8MES1-GKVXVTxKTjg,-15.83963367358676,-48.03790166295044,2024-10,307.80667330216966
66fc8752c254c6f145dd31c5fa062ae0b9b43e61,oFC6c6j4qDfIsMd8igVFVg,-15.75229817455258,-47.8966826342696,2024-06,72.29514760221382
6789521054aa6b88294fca623eb8ba5946f6734e,rn8oFF513L1uHKdRV98HtQ,-15.90940263344832,-48.09405837261242,2025-07,65.97259731126202
682824b13847fae2d77ab5772fec72aca2b0f214,CtdyKcBZ6vDQbaytRhdtHA,-15.79208430183573,-47.84823057380301,2024-05,14.380625377509451
69f82f6eb8052d29de3e0edc1bcbfdd5df38bc53,9kEf4_rDTGMgFKxcr8HKXw,-15.79098584801734,-48.13839126613053,2026-01,185.14691397783966
6b2bc146094742ff72361b9b7797c84e7af67e7f,gRluz7Y0Ait0rJgW4y5zUA,-15.84126299211705,-47.98564902005533,2024-06,61.30709873814107
6bb2a91cbb3f43d60b7e9929d78b987d4134b5a8,M93yH-X2-KNyNgk--zNoQA,-15.90779261526145,-48.05981800332625,2025-07,72.3217453501295
6c7b301d55e4c986fae107f9c9faa8cafdc18b88,4ZDnQzMrx3JyJnTlWEQwkw,-15.81934384618605,-47.87973312107618,2024-12,152.51327167539137
6d64b49c18329127281aec85127c33b5fa4712d6,cFrwitUBYG0jhDKhGQXehw,-15.7926780760496,-47.97515437447646,2024-06,103.59913381736506
7062b26c787598e4757a7a5d2b62539fbcfb0039,8UnlbZQIUWw8tTwvwkEoZA,-15.89109981494188,-48.11849860915609,2025-06,322.7774046112348
707e3ee493eeda734daede95c6642b092c1d4074,p-Wrzqn86MT6mQNcM-asVg,-15.86702264871469,-48.10002726919567,2025-03,222.5931360622785
710557aa30026c8334324c69bbb9b9278fd77845,tJvYXkWjb7rAXeKx0pDrWw,-15.89303165696965,-48.10756227813956,2025-06,63.320060091576515
714124a650be1b91c29a3c9b7e1cf43629982e96,5MXiwgRAcSiuRWrZyDsSYA,-15.85181473930737,-48.0101780036661,2024-06,323.291311749237
72ae23b717d80e8cfe2dcdb2d1e44b92db75f770,ace04tyIHIUBYAXsz89EFA,-15.8165275706892,-48.14675555095603,2024-07,10.133018269978015
75bcdcd9685e1793c3ad8bb31e56757ad3aa4d5c,86SvzwsN7apPJGNl_S63AA,-15.88704686556238,-48.14394765624878,2024-06,312.7757644961463
76c051cc228dd9eb69e10f133b5d5c7eb5772594,WJFcrE6dpv96EL0LYdU6TA,-15.75849962333782,-47.88858611667004,2024-06,87.44212894619818
782c721ce1f431ef8ca334dffd829f0b7686742b,b6WwpdrW04g_rF-RCv_E_A,-15.62972992922658,-47.657567177807,2024-08,159.3122964872784
7a2f33d26e1ad076cff8b07a0b96ef4ceeba200e,uQJ2WtwHHqr1p0jMmxP_fg,-15.8092063140405,-48.09634932882339,2024-07,123.5063222165714
7ae7d9c5930c1acab71fd8683c3287e9a747ba58,0ZYwGNNXhOn-eaKZ_bJpiA,-15.88263871776975,-47.82021822934508,2025-01,43.0491532501156
7b23cb5e44ead0be6151f52c7cc636842ecb7ea8,kGKgKXe7qN9KCs5ZNVkn9A,-16.03392171862648,-48.0326864188512,2025-02,269.2648534524571
7e708d41420843c65e1437fe2cfacc9224e76d11,Tr_hW3cwjhr3ftZzVTdC8A,-15.85985359961662,-47.956276105946,2024-12,8.091380115054278
7eeecf7307436acca6b6c55ca5785f5c679c366d,BNJkwWssFoKYdv_KITFYHw,-15.66844451077459,-48.19885688472815,2024-08,101.74787045332484
81a69c9fb792af47c64b2ab9ed124c96d377f557,0uL8Xr_9pwW2PWXtQgSNPA,-15.77026475497981,-47.88076989740436,2024-06,147.40417522368216
82b78b3bae0fe5ff9299d3229c5cdb897c4367a2,VFb4m99gEFY0ExKsYlM1mA,-15.8873638306718,-48.09528028460104,2025-06,223.5502045593421
8311aa0a25478680f5c8f4cbc34d84909d6fb6ff,7v_oiaVmrXL5bYWjoFlfUA,-15.94912156087521,-48.00197692051962,2024-06,226.40893735225518
84d555f43f2a5d018b5aa978ae7638458c74c928,RKwpLvSC2nMwXPAFyUamMw,-15.89103799250672,-48.04488039360134,2025-06,341.20432950374925
85e89877a9ca65a4bb73d6163b10949e17f851b6,SKXxAia4XKvIeWwZKiN1Sw,-16.00374405059073,-48.06124279132219,2024-11,1.2475045031075287
891653b3aa9e9f4d73883c6df9fdd76bea9fb6ec,c1rAbxPMiim1rf8IiHYWOw,-15.91759201301523,-48.05214112798712,2025-07,161.99916519690592
8a6dba09947d3d01e2ba211bbf67fc0fbe3fc8e0,egbFebDSPpbHR-_SfI0M2g,-15.60323889604106,-47.64591121940958,2024-08,2.373340808185199
8b680c8c9f8c7c557ce7742a456ed5a22271347e,NLUo4Igu4hourT_Mm9Wmnw,-15.84846356002828,-47.90367447114053,2024-12,130.8270306547669
8c592259fe62cd518cbd6e7831884335a27ee4ca,E9L4XcIw-gT2uP0lfwrLpA,-15.83539798016776,-47.98179609000633,2024-06,160.24836742382763
8d6ec1d6f705555dcc86fe87506c3464e06d4a92,amPhT3cGw-uVd_gclryWpQ,-15.83504841620904,-48.10615088452571,2025-02,143.00713110041724
91385957d49380928fd5a993e177e59561bc213a,7xGOId4LPqDLOKP0z4pSDg,-15.80676190098621,-48.12154201937818,2026-01,159.12753610321383
924dee63803c13a8cd39beea1cb9c1db6d1a08ef,TpzooywCGaH5zbM3r152Yw,-15.84101045576612,-48.12865728706594,2026-01,141.05965963275233
9296ee6fcf7bd3ba295f60dbd61d54e02e5e3f0b,3jnCSTV-KDiUYGRhtAkdvw,-15.74140799515256,-47.85652783632374,2024-05,16.936432579429983
954a06b8759466ebe2e1670ece76c3c024e72eb7,bbVmXBuHjR0_zDje-vljlg,-15.61817287738279,-47.64495606890582,2024-08,347.9307157098701
9658de5c909475f2cd6a34769decfc0c9ca982a2,ju1Q5MWg2J0mKE3dAtnp7A,-15.68223639541826,-48.2054115333131,2024-11,5.350951915227044
9687423ef2c9a1890d5ab03837055ad6f7f750fb,LsvisUw44AnFZUr6BO2t6w,-15.80522582996064,-47.87997311799449,2026-02,219.44210013206663
97208285a8f58eca97b6974bbf3eeb7aca5259c4,IbsKNWQLh9R-k_0iXjtOPg,-15.78667797560872,-48.13125016610244,2026-01,339.13983552546296
9750cda914e085dd0829b3ced71e6e39daff76fc,xJdZ-75f9ABTbb8SMQsrDg,-15.77174508659769,-47.9092819720528,2024-05,104.66925938279572
98575fb6ba3f9d0fd51fc4e3d1dc40f8c4847245,Gofr18h8f2y04o1tYtN7HQ,-15.81704677127025,-48.06013274450825,2024-09,159.7232286262406
992cc76a6f9948ed56bc5e40c26bfa4397c1f0c6,GhIHIY-BM1GyuoSqHKZzCA,-15.88444496542982,-48.14805824526151,2024-06,236.00522202605796
993fd88badbe8e088230fac7f98c9c729602e668,C0gjRN4n-8pKdZKqTpJ4WA,-15.81638901845677,-47.90614468726193,2024-06,158.1293302087005
9a4ecd4adcddb3ba5116977ccf4620f7533fb7d1,XgALQQIERNYb5b-bbn_FSA,-15.83441462790152,-48.12864963394515,2026-01,155.3997517135931
9c4092a8c0d2e0bf5993f1145caffc0121ab9c3c,3BcfMEx1QUdP8xkP3OtJnw,-15.84580934303974,-48.04933625781751,2024-07,151.86437120860842
9e5f3c59e5b2ecc95dad774ec2b19334cb6521ae,tV5Ub79g8c7oQ9cRxgKiZw,-15.82782347191344,-48.08612176744747,2026-02,160.15090526553323
9f3c6acd4392bf26482585ec2d689e714e99aed6,Wsu236IDIZC4aUf-HCYb7A,-15.89427433738997,-48.14309807793843,2024-06,248.06102746951342
9f5e9b7e97134569ae82be3eb4bb48dcb4b042cb,V8yrLwWI2TbUpTMaosQwOw,-15.79633516081354,-47.84854874764255,2026-01,202.46372825676056
9f88d1b48a79cbbbd634a9bc4b4e78e1194d7442,OhOFq8WPX_w4XdB0BTfLnw,-15.81767225915996,-47.89375061488453,2024-05,65.16699829007179
a0f33cadd1a97c5a8ab6e57fada559173e7169d8,aWNYwWT_yjfdbC3n6h_0_A,-15.79941795959776,-48.04638619446104,2024-10,348.2543405932837
a2055b30f52554ef98c49ca3971b0254c4dd2a42,M4t1FJCe6PEy4NPXyOL3WQ,-16.03914742042323,-48.03252024070778,2025-02,359.1613859546588
a438c1208959df6698fcd5e55ceab77b445479f0,vvQsA4X2R6a3NKR7LWmozw,-15.86931677923935,-48.06696101473232,2025-06,67.24295485018949
a80118aa020e1fa48da49fb21bc7214c4d24197f,BqBjAQS5KTmyQQAdromD6w,-15.90815198435351,-47.95655511890971,2024-12,99.80566619089724
aa18c5853f5fe1efa9b16e51845367e80644aa6b,d6c5iOoievr72EGW8QF_-Q,-15.80610357392692,-48.15678466443306,2026-01,342.2288894585944
aa6bc36584131034a02020c524292ff2098b7cd8,YB1m9p-02F7qAerMqKBr3g,-15.80732836583517,-48.13193398307482,2026-01,247.8637719961858
ab8db4f29c306789658e8768190980a61ec4cdae,JPIYs1ObXr1H1KLp-YFkkg,-15.80887053189928,-48.1252423599864,2026-01,338.12732864777
abc075f26b1af3d92f7c9848060eed391595cfb5,v8jumHzDckjqpcYlkLuCcw,-15.83772438218967,-48.05109263271368,2024-08,209.10763505560976
accf8ef2a2a81f3f18466635de4e7b92f71a412d,exuWccKhOOheBgw-I6qg-w,-15.68206284632869,-48.2027709435039,2024-08,152.58323033410417
ae2d283655b441c1bd114e5385ea35d8949ed896,KJitjDcSIp5DWgOocinRmA,-15.82221890011476,-47.80522549485188,2024-12,187.30631738350618
af88941d077330b26fd3904bdd9cf1b661648fce,lvHdTxrQ26N6qfIXqapYEg,-16.03100783011508,-48.06460765638749,2025-05,208.62684013486003
b242fc01f55a645d0477bded2efbb94a804deec0,zz2_e6sH2-HyVSkJu1lfjA,-16.00294458734082,-47.99063991470153,2024-08,168.30333579774853
b2b5149cdc49b563eef7f9a162cd3f40f5b9fcfb,VAlb2Z3q7JGoBHi3HnpDCA,-15.78652882788689,-48.12486851854407,2026-01,249.15982181378453
b353d5f2a59325775b88d50201bfb19ea035b228,Ak2ZGtv_prk6SIR-4DGFPw,-15.84178594752204,-48.12149254582989,2024-07,232.33815557105692
b37418743527a161d64559344e6224aa8414aa15,d8QX8xaToCEC5wScQlYXeQ,-15.92409320543761,-48.07615163074561,2024-06,211.17622663622143
b4a2865f1898efbb9212dd6d15cac8015e5f565d,GXS6jJr6maiHq-CUJIi_Pw,-15.80074760857431,-48.13159480150136,2026-02,68.8146540185432
b5ccc7aa7d49035cbfa8e669eaef6a50c27d708f,li0JDXViFDAGd8yViiGftA,-16.04342697874582,-48.25497901464536,2025-05,6.49358610676316
b6eae2de027a83ce02c9af86db6d5f67def783bb,Ed-lU-SnpyngyGxcqRWJ3A,-15.92140231785887,-48.10608695837229,2024-06,307.4077720521264
b7b34f83569e795851ebea650c5fd40da9b9e268,5VLwmJUnh8PYrvdG5PR18Q,-15.89849029698894,-48.12330294351588,2025-06,156.9830168792202
b80978aeb9a5dfa10ac602229af96a2f6bc5e8c0,pEvfoOh_HEnpw3ZwbZG2AA,-15.87994710615013,-48.06723560765155,2025-07,160.38420405117293
b9080862401ff453fb55552907f4838e270132ea,MDdxwTRBrJQh_xdWl8I0dA,-15.59949685555825,-47.6828611958473,2025-07,239.24010469743854
bb3871243fd9da2479009e85da793343607ef278,mbeJqEkCLBLLlqJp9TTPcg,-16.03006774466982,-48.03231881563543,2025-02,25.640027048848342
bbcdce99f2656aabf3c8d0037b2083ab88e0e994,N1aQvRmhvbxg_pDMuDDD9Q,-15.82762250527142,-48.07946556893727,2024-07,72.54227449716146
bcc3a1bc153fa730942e1c3670c76004ffd31dfb,KbuPz2KqDvN5YaUgM2O-yA,-15.86154850832184,-48.08037910282412,2025-06,243.7163887903231
bd898f46b855ddb6f32ca5fee3fbbde82e7865bb,rSLXR2PUBMah2Mg03K8gZQ,-15.78182675615647,-47.77968321879872,2024-06,242.67932454439938
bf4429f30ff3e97d49443233ab8d7c70f54d38da,QjpiE00qZs_jmugu51JLiw,-15.91204714023103,-47.60926794344255,2024-09,117.14251915755605
c1215440dad0726d13529ca5ec7b4390ec51993b,1VmBpj6mAp-G16UsWHd0PQ,-15.82993675967784,-47.91045418088474,2024-05,233.1469110774154
c157ab0c647baf83f813f0ec0893b6f052ef00ac,F48ByuWf2Ck42h8p1hCniA,-15.90773169787401,-48.06976422914779,2025-07,71.2307991257706
c2154c16008fffc19f6fef47200799c4e91e4310,dFkDThOO2ZobOqPR1T_nMw,-15.8818526428948,-48.08100125649572,2025-06,70.49215781243015
c26ce1155d6984eeb0e8b9c050df0773cae0709c,BmlRDNEnZPqBNN-AMnM2CQ,-15.89590283194514,-47.61168822715394,2024-09,163.82764451323052
c41543989e56b7bfd27eeae3e076e8f3e0306780,6u7DohvoDseuOmzX22W99g,-15.8357490985823,-48.03021006218674,2024-10,196.00948934695353
c4b31aacee990c0f9193e769547a925afd393cdb,s9kLT9DayO6sDOvEmpDDQw,-15.88859794862283,-47.81712995210604,2025-01,22.25579808452801
c5d17dc80c2a147e0fd7265be067b67f1a88675c,iscnvkXbhN-mT1AqJvEGsg,-15.76195007153909,-47.60257227832107,2025-07,254.8408164044139
c5e5107d60e971c317d0634cbb3f82fe586c2735,N9qZlbsdsbxc-_4x_PjuXg,-15.88176767453431,-48.11763367279927,2025-03,227.85780603740375
c6adb31b7cc420f4746547eb1125524ea9b8cce9,s_wUcR1tauLbIedcH6JFzg,-15.81961629264011,-47.8934197231866,2024-05,49.34165128605081
c6db6375d49221ba9d43933ab56af754dc88f2aa,1KK__Gh1nvZ97fgwftzXtg,-15.92336743303277,-48.04402737984769,2025-05,160.64656088871953
ccc2c0304cd7cfb3d371ca407d57decb174610d8,6xRrOH4uXA2Bnri_RKCoEQ,-15.87116029488779,-48.03495419291603,2024-07,152.08543856779573
cd8c81e2432820905c48670ea02df0b2f88889e8,GrJiR5EvBcK3MyLhUiqqPg,-15.82189472689296,-48.15730838224174,2026-01,17.143049450314244
cea8f1e1605af046106e453a672940cd519fa76a,icndOGMNCbe_6euR1m74uw,-15.92229473427473,-48.07500259505442,2024-06,211.36169232133597
cf139a75ed375f959aeebbde90a792066d0ef80a,lP0JDS_VygC8vVqF5LqKfg,-15.94203953212,-47.79985215455888,2025-05,298.2069720982988
cf580f05517203dadfd6191d30cb51d32496ce82,hl6W-7ix_TTFzu4VjussKA,-15.86063780790495,-47.97744405149029,2024-06,53.67908234665993
cfc6dca1aba6ca301341c564f080086214740dee,00_x94GgT-bTKtNMwrGqQQ,-15.81882493076537,-48.09925184104232,2024-07,251.80334591041398
d245a32b4ecd7ce30223480ef5a776aa605105b4,RcNBQdJlBM1SWwUpYW2IEg,-15.86591612109143,-47.98226226584755,2024-06,87.29274388154319
d26ab2f6caed5b244e345a20641501f79ebf00e8,8CUjbToUxr9JY6z-JgQuQA,-15.80392597145982,-47.94871989388482,2024-06,187.90028402860486
d3309699d1f33d5a1ef1fa4c4f545b64fa5484ab,urgxyHWV_mEVtwAochAU5g,-15.8512814735245,-47.96192779916269,2024-06,182.02484486805716
d34c83b306fabcd2a82ad6673d24d10840442890,Y98ENY1LeQzFzwdoXfGjwg,-16.00682028489435,-47.99210519673048,2025-01,77.42600917256114
d4a6de1cf28941173f671d101589a04bb8c1b242,qWOmqG6PhWZrrQoQgmglOA,-15.88342551013162,-48.12410773570278,2025-02,345.4673842385766
d7e76dae01ef9b4e9a9e0a2fab1ddc8eb516f8d1,PqmsrIHKSla6p8bLbW51pQ,-15.8328981673131,-48.08315757643336,2026-02,69.94835627428185
d8148caa23888780fd7fbbf3f8bc9cb46494b55d,gwurIUbYhb9DYWMnPiNBqQ,-15.74008622957492,-47.88886522926204,2024-06,252.13435504254565
d83240aed4ba44f53755c200e1c510312c1f34b8,bme5_qMn2-Qms82P36lRaA,-15.84965369279808,-47.84175466814574,2024-12,346.36301625549555
d8c4f5ac093f5e17a4e4832bed61ace888382684,kdmTOwDQ5VPj890FwkOX0A,-16.01929705946074,-48.08092373294059,2025-05,121.78797140839538
dd346cc8b764a04b1665d2ee54d083ea53fe4052,tJrUgJSp1X89nTgdGKsvQQ,-15.82435941248616,-47.99352622670537,2024-10,164.49722160359278
dd4f0a5f15d0ddc2857c1b2c005a06c5dda6b4a1,q9ZtHoIcCP-Mr6KuCbMt3g,-15.82361191415678,-48.08236679464763,2026-02,251.222826100142
ded9f9eed6726d66795cd5f0a7b6f133d26961f4,gO2dwDlOBGXXHX3QADDxXA,-15.87018023356859,-48.05779951095717,2025-06,24.086005589237637
df24e2b22a5fd74adffc4b410efc9f3cff9c0761,e2WYFq772ZaG6WYhQUtQiA,-15.74662007583633,-47.84215337370815,2024-05,216.8853545201999
df2db24fe76ca42cf65918e4391f3d216a287803,qqRXQmbxdlrVPJrpBshHNQ,-15.73413340709068,-47.88702386746403,2024-05,119.03570985699021
df9d31e4ffa4f86c4470eb2804366b24569405ac,brGcsB6nViX7zLbvUavt5A,-15.89570500010256,-47.78125511788782,2025-01,215.83886688294874
dfbfb883944733d9cff51fa8a11056672d4aede1,bIjGSXTAh1g8nCnsJFVTcw,-15.80840615102633,-48.14930457390022,2026-01,164.1403976605621
e0c085811950427df45978d4a461f0f6a6062e6c,zs7ZEgkOiTuyMYnWMlXt5A,-15.84353809309238,-48.05443340632939,2024-07,299.5969171429072
e181e5dc9af7ed2b252de4ddd6f1675a130bfad9,Y0fSPbgf4B9EnOzDco0nKg,-16.01559171001614,-48.08169390109461,2025-05,120.64745972871816
e18f9d3e9ecacfbd60116db4974d99543d97fe69,LteTLWlQaUIIvkmbQOv5mA,-15.92007886359863,-47.9549443564566,2024-12,192.22512643124497
e253bb96bd226149011df68659f9abf96b900c3c,Nk2xXLNVDNMxMbDkS278Sg,-15.62959609176178,-47.65210172043017,2024-09,98.77750149944633
e3377e224690e430717df181f6ab8bdfd2627eb8,jPu7cTrUiUxC9rGNAjn7Fw,-16.02514314145262,-48.02330197771862,2025-02,236.04510462312317
e4282df735c148692368706ec15ce34a64b7dfc4,WH1M9wQYiuaIzcivQkyG0g,-15.84809768825209,-47.95225535364558,2024-06,172.92513626188185
e4af43d650a19228c336aa91b5407d4b24c1d0e8,z1u1GmrxjMcF3wK2xJ1rng,-15.9299788852304,-48.1040479507,2024-06,127.34074076575675
e5de6e4d5ca69e2f5cbfd7b0388de91b020e2156,g1Qhq5xj6NH-pmFo4EwAPA,-15.8593417585389,-47.85774268946812,2024-12,66.55198697220108
e976badebb00850d78f8c99f1aec0bb91659807d,7LKyg0mIP88RYZ27bh532A,-15.85672186905662,-48.05494849002052,2025-06,245.89710277966137
eb39f18b838f0518c94c74b35d3e9df60c0a16d9,uDjx4jumWPKDF4wgtVqj-Q,-15.66590416074683,-48.19881872127458,2024-08,184.4354708559815
ec8ccf56ddc172ca91cda6efde7c808432c87399,fAMuoCI2rCGocds-HE4GRw,-15.8266292899604,-47.92017485270111,2024-06,224.19587865435963
ed16c2cb4667d72fbb7b06b4b2037c2bbeb8a573,4tvplbwzHX46AUL3D3tnGQ,-15.64130247478833,-47.78816261545172,2024-07,187.69612486096244
ed328df3d864b9cf7889a60b6eb6d32379c9bd5d,BHAg3WwEhtTL3itF08BKFQ,-15.80913236639004,-47.88340243136535,2026-02,218.70787644622754
f1de3f13ab3a9b548d8f964aa385647849a8c0fc,s9gwmnpD6PIUUZ1_PxhoSA,-15.81103222283024,-48.14537800060921,2026-01,17.798957104162664
f236c15378c24d3ae803fa5fd2fd2a46efef7436,4Q9GIfXyV1NQTlmkrbnqWA,-15.6802236746575,-47.65784485187227,2024-07,260.2499297307396
f373bf48ff18ba840b4501136c10d1e36554d1fe,1unaX2-nzqX4d1K43T2D6Q,-15.79754138726036,-48.02636104394962,2024-09,90.30519057034238
f418fe6917243b70d3f542fcfd54b9c845e757d7,1Jqw6CzSBWWP251IvWUzVg,-15.63304834749332,-47.65603635398066,2024-08,181.75229730430843
f45c776999168a9f3320170780c1c4f0f409a419,-sCnmC-KnwbfDH0AQlvlJw,-15.81591448948957,-48.13329148843613,2026-02,104.94198013172993
f5e7a7832f911a4d82017b89988407d8008a87fd,1SSH8owogKY8jMw2seayDA,-15.7969064465932,-48.05565457205446,2024-10,201.6552744028603
f65e79972aa6e372d4b4ea012c29c6a3a392428c,ro6PrleTFj9qj_-RDpJVpw,-15.86268539640667,-48.07354368278389,2025-06,244.07193634435077
f73e8643aee3a8d3911f80a05aacd97a9c988f95,KqrCP0MdAw2NQp98WdPJ7Q,-15.7436500383311,-47.75097677963827,2024-06,341.4106800606725
f788fbc5abaef6cd81436c38e39daf235e965707,cOT_EW1jhrUcDiSjDGwWUw,-15.86345390036405,-47.99883790589011,2024-07,349.99235555079946
f90742bd66c11284941f0a801962c691254a85c6,QwhJ8HfQRpR0s-IPqUDYYg,-15.92174155111748,-48.05938028986524,2025-07,251.80884136963107
f9b659ae4136da934c67115497de34b20e1b49e3,oEXoecWxtrdgIaRxB0pasQ,-15.84630523285612,-48.11875323657151,2026-01,321.83845330132624
fafa576d4ac6996d280013643ae0a18340b7c6e3,f6qKqD5D6OD21xLEZY1vlA,-15.61346740907979,-47.64460810407298,2024-08,271.61086857375017
fb3b368843ee7ece500ceca259a689fcadb5f1db,BpqzEeCHp0zw8IDCf2JUoQ,-15.80882255956635,-48.14227867839256,2026-01,252.83533518214068
fbae9ce41aadb61f740b2c626020b3e08de152b8,wxHu82I9KqHjEo5_GEGbxQ,-15.89659096058709,-47.77389913659031,2025-01,143.40848676558403
fbc70b3cb3fd1bf53e80c94aa732c458be2d2804,pvYHJux2qtsNBv6NFtTGZg,-15.8023460734731,-48.13635945175671,2026-01,252.77228775084689
fc871ea48ada6f6228ed52fde7679acf9d5885a9,1DYi-MEc8oSpPGYgJiPEnA,-15.93782857575682,-47.94443102760891,2024-12,156.3784189917816
fcff6b2ce0104af88765a9d06615989f4badd05b,PiDfGxBqSW8h7nb2udRMuw,-15.82832655174919,-48.01244520659743,2024-10,246.85157146690295
fd10d9677a7963550b775f3fdb5d806adaa7c17b,PlJwVtBgoDAjrYB_aTNl2g,-15.91078342637141,-47.77775921145818,2024-07,136.91849543716978
fdd609b27c592d806abbcc52f69e4f9f5cc9f5ad,YQ96RE9s22wtmA8xQ8RsCw,-15.86596132438772,-47.86371422274973,2024-12,67.77717763815143
fdd70ab57c1d026a211684902cb18e854c3f26f0,foYI0u1gzSd1fhOjkQLPYg,-15.88663314308473,-48.10701131973486,2025-06,241.41060801046615
feaed9919400670506d700e2c117692b7f6987b3,0SOWgd2hGZn2pxsNF1fNCw,-15.80525600131248,-47.96446333116938,2024-06,278.393101872087
ff08bd65ffebe3652b4fa6feff200ffb57fa0b53,N-XuFe241rhijqHmcy6nbQ,-16.03324195079846,-48.06373268497977,2025-05,121.88293946399412
